Wild residue,Target  residue,PredictSNP expected accuracy,MAPP expected accuracye,PhD-SNP expected accuracy,PolyPhen-1 expected accuracy,PolyPhen-2 expected accuracy,SIFT expected accuracy,SNAP expected accuracy
M,V,0.6025641,0.76611694,0.7828765,0.66884082,0.43123393,0.79280784,0.83058824
L,I,0.68365861,0.79030837,0.83210379,0.59445019,0.69369369,0.45232975,0.83058824
L,F,0.6025641,0.78325991,0.83210379,0.74491225,0.39845758,0.45949821,0.66524217
L,P,0.71871275,0.42653673,0.58885542,0.59445019,0.40745501,0.79280784,0.61167883
R,W,0.60697259,0.64229075,0.50824588,0.74491225,0.81142888,0.79280784,0.62208185
R,Q,0.6025641,0.70484581,0.68183996,0.74491225,0.63431877,0.52778524,0.61167883
H,Y,0.6025641,0.40929535,0.660879,0.66884082,0.45308483,0.79280784,0.50014676
F,L,0.71871275,0.62143928,0.73260309,0.59445019,0.67524116,0.52778524,0.66524217
V,A,0.7556615,0.63268366,0.50824588,0.59445019,0.60089974,0.45949821,0.88519637
V,F,0.54946365,0.74449339,0.57795276,0.59445019,0.55077121,0.42969871,0.58359402
D,N,0.86908365,0.76536732,0.85822785,0.74491225,0.81142888,0.79280784,0.62208185
H,R,0.63151762,0.62143928,0.55202703,0.66884082,0.67667668,0.76224399,0.62208185
G,V,0.78903456,0.84257871,0.88474971,0.74491225,0.81142888,0.79280784,0.50014676
G,S,0.86908365,0.40929535,0.81731169,0.74491225,0.81142888,0.79280784,0.62208185
G,R,0.86908365,0.87706147,0.88474971,0.74491225,0.81142888,0.79280784,0.84845361
G,C,0.78903456,0.8065967,0.87523992,0.74491225,0.81142888,0.79280784,0.50014676
W,R,0.50595948,0.87706147,0.55202703,0.66884082,0.70240481,0.45232975,0.86956522
W,C,0.86908365,0.46176912,0.57795276,0.74491225,0.55077121,0.45949821,0.88519637
C,Y,0.86908365,0.84182909,0.88474971,0.74491225,0.81142888,0.79280784,0.55551884
M,V,0.82622462,0.6778169,0.68183996,0.66884082,0.8730899,0.83526269,0.55439739
M,I,0.82622462,0.77004405,0.71871412,0.66884082,0.78928929,0.81300089,0.55439739
G,V,0.6025641,0.85110132,0.58885542,0.59445019,0.72272272,0.86910062,0.55551884
G,S,0.73834499,0.79030837,0.68183996,0.66884082,0.67667668,0.42969871,0.66524217
I,M,0.6025641,0.5089955,0.68183996,0.66884082,0.39845758,0.60819234,0.72038776
V,A,0.50595948,0.76611694,0.50824588,0.66884082,0.70770771,0.45949821,0.72038776
F,L,0.73688811,0.74273128,0.68183996,0.66884082,0.70240481,0.89670526,0.62208185
V,L,0.73688811,0.74977974,0.68183996,0.66884082,0.71171171,0.72662511,0.55551884
W,C,0.71871275,0.64229075,0.7733853,0.59445019,0.59318766,0.45949821,0.80510276
L,F,0.82622462,0.6969163,0.7828765,0.66884082,0.72272272,0.7747106,0.66524217
N,S,0.65307311,0.46176912,0.68183996,0.66884082,0.72272272,0.76135352,0.55551884
V,I,0.82622462,0.77004405,0.7828765,0.66884082,0.8730899,0.81300089,0.66524217
L,S,0.62831343,0.64229075,0.55202703,0.59445019,0.63363363,0.79280784,0.61167883
F,C,0.54946365,0.62143928,0.58885542,0.66884082,0.40745501,0.52778524,0.50014676
P,L,0.71871275,0.75112444,0.58885542,0.74491225,0.64974293,0.45232975,0.58359402
H,R,0.75291375,0.70484581,0.660879,0.66884082,0.74074074,0.74888691,0.80510276
Y,C,0.60548272,0.57314329,0.660879,0.74491225,0.56233933,0.79280784,0.55439739
Y,F,0.82622462,0.76123348,0.83210379,0.66884082,0.76252505,0.75690116,0.66524217
E,V,0.63151762,0.55997001,0.7733853,0.66884082,0.70770771,0.72662511,0.61167883
E,Q,0.82622462,0.74273128,0.7828765,0.66884082,0.76252505,0.76135352,0.50014676
E,V,0.60548272,0.63268366,0.81731169,0.59445019,0.43123393,0.69991095,0.58359402
G,E,0.6025641,0.55997001,0.60798122,0.66884082,0.72472472,0.68210151,0.80510276
H,Y,0.82622462,0.71013216,0.660879,0.66884082,0.72745491,0.89670526,0.50014676
G,V,0.6025641,0.78854626,0.85822785,0.59445019,0.8730899,0.79073909,0.62208185
G,R,0.60548272,0.85682159,0.7733853,0.59445019,0.72745491,0.7747106,0.84845361
I,V,0.82622462,0.74823944,0.71871412,0.66884082,0.8730899,0.79073909,0.58359402
I,M,0.73834499,0.72246696,0.660879,0.66884082,0.39845758,0.74888691,0.55439739
I,V,0.82622462,0.76563877,0.7828765,0.66884082,0.8730899,0.89670526,0.66524217
I,L,0.82622462,0.63348018,0.50824588,0.66884082,0.8730899,0.75690116,0.70878378
I,M,0.75203963,0.57314329,0.68183996,0.66884082,0.62762763,0.66429207,0.61167883
F,Y,0.75203963,0.64229075,0.58885542,0.66884082,0.67667668,0.75800712,0.61167883
Y,C,0.60548272,0.5089955,0.50824588,0.59445019,0.55077121,0.70614426,0.88519637
G,S,0.82622462,0.63348018,0.71871412,0.66884082,0.78928929,0.76135352,0.50014676
I,V,0.82622462,0.65022026,0.660879,0.66884082,0.70770771,0.81300089,0.61167883
I,V,0.82622462,0.70484581,0.7828765,0.66884082,0.8730899,0.81300089,0.61167883
F,L,0.82622462,0.74273128,0.68183996,0.66884082,0.78928929,0.89670526,0.61167883
V,A,0.82622462,0.74185022,0.71871412,0.66884082,0.78928929,0.76135352,0.61167883
V,F,0.65494636,0.40929535,0.60798122,0.59445019,0.69369369,0.42969871,0.72038776
A,T,0.6025641,0.48350825,0.83210379,0.66884082,0.68268268,0.52778524,0.72038776
V,L,0.82622462,0.64229075,0.89245476,0.66884082,0.74974975,0.79073909,0.61167883
A,T,0.6025641,0.71814093,0.7828765,0.66884082,0.50257069,0.45949821,0.55439739
S,T,0.73834499,0.73480176,0.83210379,0.66884082,0.60960961,0.76224399,0.55551884
I,V,0.82622462,0.64229075,0.89245476,0.66884082,0.74974975,0.83526269,0.50014676
I,T,0.82622462,0.65286344,0.83210379,0.66884082,0.74074074,0.7747106,0.58359402
T,S,0.82622462,0.79030837,0.55202703,0.66884082,0.74074074,0.89670526,0.50014676
D,H,0.86908365,0.77494374,0.87523992,0.74491225,0.67524116,0.79280784,0.62208185
P,T,0.7556615,0.85832084,0.85822785,0.74491225,0.81142888,0.79280784,0.61167883
G,R,0.78903456,0.87706147,0.88474971,0.74491225,0.81142888,0.79280784,0.50014676
P,S,0.65494636,0.62143928,0.60798122,0.59445019,0.59318766,0.52778524,0.70878378
P,R,0.7556615,0.9137931,0.81731169,0.59445019,0.64717224,0.79280784,0.55439739
P,L,0.7556615,0.63268366,0.67620995,0.59445019,0.59318766,0.79280784,0.50014676
E,D,0.82622462,0.7596831,0.89245476,0.66884082,0.72745491,0.76936776,0.61167883
P,S,0.73834499,0.64229075,0.68183996,0.66884082,0.39845758,0.67141585,0.50014676
P,R,0.54946365,0.5089955,0.55202703,0.66884082,0.54177378,0.42969871,0.55551884
K,R,0.82622462,0.76563877,0.83210379,0.66884082,0.63363363,0.76135352,0.55439739
K,N,0.63151762,0.58770615,0.58230958,0.66884082,0.39845758,0.60819234,0.50014676
I,S,0.6025641,0.7711928,0.58230958,0.66884082,0.39845758,0.76224399,0.55551884
I,M,0.71278765,0.40929535,0.71871412,0.66884082,0.40745501,0.69991095,0.55439739
P,A,0.61421911,0.46176912,0.7828765,0.66884082,0.39845758,0.76224399,0.55551884
H,R,0.82622462,0.6969163,0.68183996,0.66884082,0.72745491,0.79073909,0.50014676
H,L,0.73834499,0.7596831,0.68183996,0.66884082,0.76252505,0.75800712,0.55551884
G,V,0.6025641,0.48350825,0.57795276,0.66884082,0.60960961,0.68210151,0.62208185
G,A,0.82622462,0.74449339,0.71871412,0.66884082,0.68268268,0.82295374,0.50014676
G,R,0.6025641,0.55997001,0.57795276,0.66884082,0.60960961,0.76067616,0.62208185
E,G,0.65307311,0.65022026,0.55202703,0.66884082,0.39845758,0.74888691,0.62208185
R,S,0.73688811,0.70484581,0.71871412,0.66884082,0.70240481,0.81300089,0.62208185
R,G,0.65307311,0.6778169,0.58885542,0.66884082,0.68268268,0.76936776,0.55551884
R,M,0.65307311,0.64229075,0.58230958,0.66884082,0.43123393,0.68210151,0.55551884
R,T,0.65307311,0.57314329,0.83210379,0.66884082,0.70240481,0.75800712,0.62208185
E,K,0.6025641,0.5089955,0.68183996,0.66884082,0.7027027,0.42969871,0.62208185
F,L,0.82622462,0.70484581,0.7828765,0.66884082,0.76252505,0.81300089,0.50014676
W,C,0.71871275,0.5089955,0.71871412,0.74491225,0.81142888,0.79280784,0.84845361
E,V,0.6025641,0.48350825,0.58230958,0.66884082,0.45308483,0.64501779,0.62208185
L,S,0.54946365,0.58770615,0.660879,0.66884082,0.39845758,0.79280784,0.62208185
C,R,0.86908365,0.87706147,0.87523992,0.74491225,0.81142888,0.79280784,0.75
N,S,0.82622462,0.65903084,0.89245476,0.66884082,0.78928929,0.76936776,0.58359402
K,N,0.7556615,0.76611694,0.44670846,0.59445019,0.50257069,0.52778524,0.72038776
N,T,0.73688811,0.72246696,0.7828765,0.66884082,0.62762763,0.60819234,0.55551884
L,M,0.82622462,0.72246696,0.89245476,0.66884082,0.71171171,0.70614426,0.58359402
M,V,0.6025641,0.48350825,0.71871412,0.66884082,0.74074074,0.42969871,0.62208185
M,I,0.73688811,0.74185022,0.7828765,0.66884082,0.74074074,0.60819234,0.55551884
M,K,0.50595948,0.81934033,0.55202703,0.66884082,0.70770771,0.79280784,0.72038776
R,S,0.7556615,0.84182909,0.50824588,0.74491225,0.60089974,0.79280784,0.84845361
R,I,0.7556615,0.84257871,0.55202703,0.74491225,0.56233933,0.79280784,0.88519637
R,T,0.86908365,0.7711928,0.60798122,0.74491225,0.64974293,0.79280784,0.88519637
P,Q,0.86908365,0.57314329,0.67620995,0.74491225,0.81142888,0.79280784,0.84845361
P,L,0.86908365,0.46176912,0.60798122,0.59445019,0.67524116,0.79280784,0.84845361
K,R,0.73834499,0.6969163,0.71871412,0.66884082,0.70240481,0.42969871,0.61167883
K,Q,0.73834499,0.71013216,0.71871412,0.66884082,0.70240481,0.45949821,0.58359402
R,S,0.86908365,0.7711928,0.73260309,0.74491225,0.81142888,0.79280784,0.84845361
R,H,0.86908365,0.76536732,0.7733853,0.74491225,0.81142888,0.79280784,0.88519637
R,C,0.86908365,0.9137931,0.7733853,0.74491225,0.81142888,0.79280784,0.88519637
S,C,0.62831343,0.63268366,0.68183996,0.66884082,0.69369369,0.79280784,0.58359402
S,P,0.86908365,0.78335832,0.7733853,0.74491225,0.63431877,0.52778524,0.72038776
S,Y,0.86908365,0.77494374,0.58885542,0.74491225,0.67524116,0.79280784,0.80510276
H,R,0.86908365,0.9197901,0.73260309,0.59445019,0.60089974,0.79280784,0.80510276
H,Y,0.86908365,0.85832084,0.60798122,0.59445019,0.56233933,0.79280784,0.80510276
H,Q,0.86908365,0.76536732,0.85822785,0.74491225,0.81142888,0.79280784,0.88519637
H,P,0.86908365,0.87706147,0.85822785,0.74491225,0.81142888,0.79280784,0.88519637
C,Y,0.86908365,0.7711928,0.7733853,0.74491225,0.81142888,0.79280784,0.88519637
S,R,0.75203963,0.65286344,0.60798122,0.66884082,0.64364364,0.89670526,0.55439739
R,H,0.6025641,0.76563877,0.7828765,0.66884082,0.39845758,0.79280784,0.55551884
R,C,0.52145411,0.65022026,0.660879,0.59445019,0.40745501,0.45232975,0.62208185
G,S,0.73834499,0.79030837,0.68183996,0.66884082,0.40745501,0.64501779,0.50014676
G,R,0.82622462,0.70484581,0.71871412,0.66884082,0.63363363,0.77560107,0.50014676
G,C,0.7556615,0.57121439,0.58230958,0.74491225,0.67524116,0.52778524,0.72038776
H,Q,0.68365861,0.46176912,0.68183996,0.66884082,0.70770771,0.42969871,0.58359402
C,F,0.86908365,0.7711928,0.85822785,0.74491225,0.81142888,0.79280784,0.88519637
R,G,0.60697259,0.81934033,0.60798122,0.66884082,0.60960961,0.79280784,0.84845361
R,K,0.82622462,0.76563877,0.83210379,0.66884082,0.78928929,0.69991095,0.66524217
D,A,0.86908365,0.9137931,0.81731169,0.74491225,0.81142888,0.79280784,0.84845361
H,R,0.86908365,0.9197901,0.87523992,0.74491225,0.81142888,0.79280784,0.88519637
H,P,0.86908365,0.87706147,0.85822785,0.74491225,0.81142888,0.79280784,0.88519637
H,Y,0.86908365,0.85832084,0.85822785,0.74491225,0.67524116,0.79280784,0.88519637
P,Q,0.86908365,0.85832084,0.7733853,0.74491225,0.60089974,0.79280784,0.84845361
W,R,0.86908365,0.87706147,0.87523992,0.74491225,0.81142888,0.79280784,0.86956522
W,C,0.86908365,0.9137931,0.85822785,0.74491225,0.81142888,0.79280784,0.86956522
I,V,0.73834499,0.40929535,0.89245476,0.66884082,0.62762763,0.66429207,0.58359402
I,S,0.7556615,0.75112444,0.50824588,0.74491225,0.63431877,0.79280784,0.80510276
N,S,0.71871275,0.75112444,0.58885542,0.66884082,0.54177378,0.79280784,0.72038776
N,I,0.86908365,0.7711928,0.7733853,0.74491225,0.67524116,0.79280784,0.84845361
C,W,0.86908365,0.9197901,0.85822785,0.74491225,0.81142888,0.79280784,0.86956522
D,A,0.65307311,0.40929535,0.57795276,0.66884082,0.78928929,0.77560107,0.58359402
H,L,0.60548272,0.84257871,0.85822785,0.66884082,0.63363363,0.45949821,0.62208185
W,C,0.6025641,0.63268366,0.58230958,0.66884082,0.70240481,0.45232975,0.55551884
F,L,0.7556615,0.76611694,0.85822785,0.66884082,0.67524116,0.79280784,0.84845361
L,M,0.6025641,0.65667166,0.83210379,0.66884082,0.39845758,0.52778524,0.66524217
Q,L,0.63151762,0.74273128,0.660879,0.59445019,0.72472472,0.79280784,0.66524217
L,W,0.86908365,0.71814093,0.73260309,0.59445019,0.45308483,0.52778524,0.62208185
F,S,0.86908365,0.63268366,0.57795276,0.59445019,0.39845758,0.79280784,0.62208185
F,L,0.75203963,0.58889722,0.58230958,0.66884082,0.69369369,0.69991095,0.50014676
Y,C,0.86908365,0.81934033,0.87523992,0.59445019,0.67524116,0.79280784,0.72038776
T,S,0.68365861,0.73480176,0.58230958,0.66884082,0.39845758,0.45232975,0.55439739
T,I,0.75203963,0.74185022,0.660879,0.59445019,0.60960961,0.60819234,0.66524217
T,A,0.73688811,0.58889722,0.660879,0.66884082,0.67635271,0.70614426,0.66524217
E,Q,0.82622462,0.79559471,0.660879,0.66884082,0.72745491,0.75800712,0.70878378
L,F,0.6025641,0.65286344,0.73260309,0.66884082,0.43123393,0.42969871,0.58359402
T,S,0.82622462,0.85110132,0.68183996,0.66884082,0.72472472,0.89670526,0.83058824
T,A,0.74796037,0.85832084,0.55202703,0.66884082,0.70240481,0.7747106,0.58359402
C,S,0.75203963,0.73480176,0.73260309,0.66884082,0.78928929,0.75800712,0.66524217
Y,C,0.86908365,0.42653673,0.81731169,0.59445019,0.54177378,0.79280784,0.72038776
A,V,0.75203963,0.65286344,0.73260309,0.66884082,0.76252505,0.6841637,0.76823399
A,G,0.65307311,0.65022026,0.60798122,0.66884082,0.72272272,0.45949821,0.76823399
A,T,0.73688811,0.65022026,0.57795276,0.66884082,0.70770771,0.76135352,0.76823399
M,V,0.75203963,0.6969163,0.73260309,0.66884082,0.78928929,0.82295374,0.76823399
S,F,0.50595948,0.42653673,0.7733853,0.59445019,0,0.60819234,0.66524217
C,W,0.63151762,0.65022026,0.7733853,0.66884082,0.72472472,0.45949821,0.58359402
H,R,0.63151762,0.48350825,0.67620995,0.66884082,0.69369369,0.70614426,0.66524217
Y,C,0.75203963,0.64229075,0.58885542,0.66884082,0.69369369,0.68210151,0.66524217
Y,C,0.50595948,0.74823944,0.50824588,0.74491225,0.47429306,0.79280784,0.61167883
P,Q,0.73834499,0.70484581,0.71871412,0.66884082,0.63363363,0.45949821,0.76823399
P,T,0.82622462,0.72246696,0.50824588,0.66884082,0.69369369,0.75800712,0.76823399
L,V,0.82622462,0.70484581,0.83210379,0.66884082,0.70240481,0.7747106,0.70878378
L,P,0.75203963,0.70484581,0.60798122,0.66884082,0.69369369,0.76224399,0.61167883
K,Q,0.82622462,0.77004405,0.71871412,0.66884082,0.69369369,0.77560107,0.76823399
K,R,0.82622462,0.74185022,0.71871412,0.66884082,0.76252505,0.75800712,0.66524217
K,N,0.73688811,0.74273128,0.57795276,0.66884082,0.72272272,0.76936776,0.58359402
R,H,0.65307311,0.78325991,0.58885542,0.66884082,0.40745501,0.71326803,0.66524217
R,C,0.6025641,0.73127753,0.7733853,0.66884082,0.40745501,0.64501779,0.55551884
R,L,0.75203963,0.77004405,0.60798122,0.66884082,0.72272272,0.76224399,0.50014676
D,G,0.82622462,0.64229075,0.50824588,0.66884082,0.63363363,0.7366548,0.50014676
L,F,0.73834499,0.74977974,0.71871412,0.66884082,0.39845758,0.52894034,0.76823399
R,G,0.6025641,0.70484581,0.7733853,0.66884082,0.63363363,0.45232975,0.62208185
H,P,0.60548272,0.65667166,0.7733853,0.66884082,0.63363363,0.52778524,0.84845361
H,Y,0.6025641,0.42653673,0.68183996,0.66884082,0.39845758,0.52778524,0.61167883
L,F,0.61421911,0.42653673,0.55202703,0.66884082,0.43123393,0.42969871,0.70878378
I,V,0.65307311,0.57121439,0.71871412,0.66884082,0.60960961,0.42969871,0.70878378
I,L,0.82622462,0.79030837,0.55202703,0.66884082,0.72272272,0.89670526,0.76823399
M,V,0.63151762,0.42653673,0.7733853,0.66884082,0.68268268,0.76067616,0.55439739
L,V,0.65307311,0.55997001,0.60798122,0.66884082,0.70770771,0.89670526,0.70878378
F,V,0.6025641,0.48350825,0.7733853,0.66884082,0.63363363,0.42969871,0.55439739
M,V,0.62831343,0.57314329,0.81731169,0.66884082,0.68268268,0.7366548,0.55439739
M,L,0.82622462,0.65903084,0.50824588,0.66884082,0.68268268,0.79073909,0.55439739
G,S,0.75203963,0.64229075,0.58885542,0.66884082,0.60960961,0.67141585,0.61167883
I,L,0.73834499,0.73480176,0.57795276,0.66884082,0.8730899,0.89670526,0.76823399
T,S,0.73834499,0.5089955,0.58230958,0.66884082,0.72745491,0.7366548,0.66524217
M,V,0.63151762,0.63268366,0.7733853,0.66884082,0.76252505,0.89670526,0.66524217
V,A,0.82622462,0.71742958,0.50824588,0.66884082,0.72472472,0.89670526,0.66524217
V,L,0.82622462,0.76123348,0.44670846,0.66884082,0.72745491,0.86910062,0.70878378
T,S,0.82622462,0.85110132,0.58230958,0.66884082,0.78928929,0.75690116,0.76823399
G,V,0.63151762,0.85110132,0.7733853,0.59445019,0.64364364,0.68210151,0.66524217
L,V,0.50595948,0.76086957,0.7733853,0.66884082,0.55077121,0.72662511,0.58359402
F,L,0.68365861,0.5089955,0.58230958,0.66884082,0.43123393,0.7747106,0.70878378
L,V,0.73834499,0.48350825,0.55202703,0.66884082,0.67635271,0.60819234,0.70878378
I,V,0.82622462,0.78854626,0.83210379,0.66884082,0.78928929,0.79073909,0.70878378
I,N,0.75203963,0.74273128,0.44670846,0.59445019,0.67635271,0.75800712,0.50014676
I,T,0.73688811,0.74273128,0.71871412,0.59445019,0.70770771,0.79073909,0.50014676
G,S,0.82622462,0.70484581,0.89245476,0.66884082,0.69369369,0.75800712,0.83058824
G,D,0.86908365,0.87706147,0.57795276,0.59445019,0.56233933,0.52778524,0.55551884
I,V,0.71278765,0.42653673,0.83210379,0.66884082,0.72745491,0.42969871,0.58359402
I,T,0.6025641,0.57314329,0.7828765,0.59445019,0.70240481,0.52778524,0.55439739
T,K,0.63151762,0.40929535,0.7733853,0.66884082,0.7027027,0.69991095,0.61167883
D,V,0.7556615,0.7711928,0.60798122,0.74491225,0.67524116,0.79280784,0.58359402
D,G,0.50595948,0.77494374,0.58230958,0.66884082,0.39845758,0.79280784,0.58359402
T,I,0.6025641,0.57314329,0.58230958,0.66884082,0.39845758,0.42969871,0.76823399
T,A,0.68365861,0.5089955,0.83210379,0.66884082,0.39845758,0.69991095,0.61167883
T,R,0.65307311,0.40929535,0.50824588,0.66884082,0.67635271,0.42969871,0.50014676
T,I,0.7556615,0.9197901,0.81731169,0.74491225,0.67524116,0.79280784,0.58359402
T,A,0.7556615,0.87706147,0.73260309,0.74491225,0.81142888,0.79280784,0.61167883
S,F,0.62831343,0.57121439,0.50824588,0.66884082,0.60960961,0.79280784,0.66524217
I,V,0.68365861,0.55997001,0.83210379,0.66884082,0.47429306,0.81300089,0.70878378
I,T,0.7556615,0.76536732,0.60798122,0.59445019,0.64717224,0.79280784,0.50014676
M,V,0.75291375,0.76536732,0.83210379,0.66884082,0.63363363,0.76135352,0.70878378
M,I,0.73688811,0.55997001,0.71871412,0.66884082,0.63363363,0.79073909,0.76823399
N,S,0.65307311,0.57121439,0.68183996,0.66884082,0.40745501,0.64501779,0.66524217
N,H,0.65307311,0.74823944,0.660879,0.59445019,0.43123393,0.69991095,0.76823399
N,D,0.71278765,0.40929535,0.68183996,0.66884082,0.40745501,0.74888691,0.66524217
N,T,0.6025641,0.57121439,0.55202703,0.66884082,0.43123393,0.45232975,0.70878378
C,S,0.82622462,0.77004405,0.7828765,0.66884082,0.74074074,0.7747106,0.66524217
C,W,0.73834499,0.40929535,0.71871412,0.66884082,0.67635271,0.72662511,0.66524217
C,F,0.82622462,0.71013216,0.50824588,0.66884082,0.67667668,0.82295374,0.76823399
D,G,0.73834499,0.48350825,0.58230958,0.66884082,0.74974975,0.82295374,0.55439739
I,V,0.82622462,0.79030837,0.89245476,0.66884082,0.74074074,0.86910062,0.76823399
I,T,0.82622462,0.73127753,0.55202703,0.66884082,0.72745491,0.82295374,0.76823399
S,W,0.73834499,0.65286344,0.68183996,0.66884082,0.39845758,0.7366548,0.70878378
S,P,0.65307311,0.42653673,0.67620995,0.66884082,0.63363363,0.72662511,0.70878378
S,L,0.73346927,0.42653673,0.71871412,0.66884082,0.43123393,0.81300089,0.82941176
R,S,0.73834499,0.6778169,0.58230958,0.66884082,0.63363363,0.45949821,0.76823399
R,K,0.73834499,0.78854626,0.71871412,0.66884082,0.63363363,0.45232975,0.76823399
P,S,0.82622462,0.71742958,0.7828765,0.66884082,0.67667668,0.70614426,0.83058824
R,G,0.6025641,0.58770615,0.73260309,0.66884082,0.60960961,0.52778524,0.66524217
R,Q,0.65307311,0.65903084,0.68183996,0.66884082,0.50257069,0.45232975,0.61167883
P,G,0.82622462,0.70484581,0.7828765,0.66884082,0.70240481,0.52894034,0.58359402
V,I,0.6025641,0.57314329,0.55202703,0.66884082,0.55077121,0.79280784,0.76823399
V,A,0.71871275,0.78335832,0.85822785,0.66884082,0.59318766,0.79280784,0.55551884
V,F,0.86908365,0.76086957,0.88474971,0.59445019,0.63431877,0.79280784,0.72038776
T,I,0.54946365,0.5089955,0.58230958,0.59445019,0.55077121,0.42969871,0.55439739
R,H,0.82622462,0.73127753,0.55202703,0.66884082,0.67635271,0.72662511,0.58359402
R,C,0.86908365,0.48350825,0.81731169,0.74491225,0.54177378,0.42969871,0.72038776
R,P,0.6025641,0.57121439,0.81731169,0.66884082,0.70770771,0.7366548,0.62208185
R,L,0.54946365,0.48350825,0.81731169,0.66884082,0.39845758,0.67141585,0.62208185
K,E,0.73834499,0.65903084,0.58230958,0.66884082,0.43123393,0.6841637,0.70878378
I,M,0.75203963,0.57314329,0.68183996,0.66884082,0.60960961,0.74888691,0.50014676
I,N,0.74796037,0.6778169,0.44670846,0.66884082,0.67635271,0.79280784,0.55439739
F,L,0.75203963,0.62143928,0.44670846,0.66884082,0.74074074,0.79073909,0.58359402
Q,E,0.82622462,0.70484581,0.7828765,0.66884082,0.74974975,0.68210151,0.76823399
Q,H,0.65307311,0.5089955,0.50824588,0.66884082,0.72745491,0.42969871,0.70878378
Q,R,0.82622462,0.64229075,0.68183996,0.66884082,0.8730899,0.7747106,0.70878378
Q,K,0.82622462,0.73480176,0.55202703,0.66884082,0.78928929,0.74888691,0.76823399
R,S,0.82622462,0.70484581,0.68183996,0.66884082,0.69369369,0.74888691,0.61167883
Q,E,0.73834499,0.64229075,0.68183996,0.66884082,0.72272272,0.42969871,0.76823399
P,S,0.63151762,0.76563877,0.83210379,0.66884082,0.43123393,0.79280784,0.61167883
P,A,0.6025641,0.57314329,0.83210379,0.66884082,0.39845758,0.79280784,0.61167883
L,V,0.75291375,0.71742958,0.7828765,0.66884082,0.68268268,0.79280784,0.70878378
R,P,0.86908365,0.62143928,0.87523992,0.59445019,0.54177378,0.52778524,0.62208185
P,R,0.60548272,0.55997001,0.55202703,0.74491225,0.47429306,0.52778524,0.58359402
Y,H,0.82622462,0.74449339,0.68183996,0.66884082,0.72745491,0.71326803,0.70878378
Y,C,0.6025641,0.71013216,0.50824588,0.74491225,0.60089974,0.52778524,0.66524217
H,R,0.73834499,0.42653673,0.83210379,0.66884082,0.72745491,0.64501779,0.66524217
H,Y,0.82622462,0.73480176,0.7828765,0.66884082,0.8730899,0.72662511,0.66524217
F,Y,0.73834499,0.74977974,0.83210379,0.66884082,0.72472472,0.42969871,0.76823399
F,L,0.73834499,0.76563877,0.83210379,0.66884082,0.70770771,0.42969871,0.58359402
N,S,0.82622462,0.77004405,0.83210379,0.66884082,0.68268268,0.75800712,0.58359402
H,R,0.6025641,0.70484581,0.71871412,0.59445019,0.56233933,0.79280784,0.58359402
H,Q,0.63151762,0.77004405,0.68183996,0.66884082,0.39845758,0.79280784,0.55439739
H,Y,0.74796037,0.64229075,0.55202703,0.66884082,0.60960961,0.79280784,0.70878378
V,G,0.60697259,0.76611694,0.58230958,0.74491225,0.67524116,0.79280784,0.58359402
